seed,dLZc,dInteg
1,1.012009175549844,-57.2693917398822
2,1.375590020229267,-40.09408722263562
